site_no,HICAP_WELL_NO
3863,70433.0
3869,36699.0
3876,68338.0
3878,8.0
3879,316.0
3880,1031.0
3881,368.0
3882,254.0
3883,1447.0
3885,816.0
3886,1498.0
3887,767.0
3888,1012.0
3890,36432.0
3891,36732.0
3892,330.0
3893,2422.0
3894,2423.0
3895,2452.0
3896,1181.0
3897,71165.0
3898,5935.0
3899,2427.0
3900,376.0
3901,246.0
3902,129.0
3903,294.0
3904,321.0
3905,2444.0
3906,164.0
3907,343.0
3908,68772.0
3909,23772.0
3910,23773.0
3911,23738.0
3912,23997.0
3913,36305.0
3914,36304.0
3915,36329.0
3916,23752.0
3917,23889.0
3918,71070.0
3919,68940.0
3920,3520.0
3921,3676.0
3922,24290.0
3923,23671.0
3924,2975.0
3925,24201.0
3926,23646.0
3927,23723.0
3928,23798.0
3929,23629.0
3930,23837.0
3931,23668.0
3932,23704.0
3933,23801.0
3934,71064.0
3935,36480.0
3936,23903.0
3938,23985.0
3940,68936.0
3942,23776.0
3943,23847.0
3944,36496.0
3945,36665.0
3946,23790.0
3949,23936.0
3950,23825.0
3951,23830.0
3952,24309.0
3954,23874.0
3955,23860.0
3956,23866.0
3957,23868.0
3958,24059.0
3959,23873.0
3961,23932.0
3962,24010.0
3963,24203.0
3964,23950.0
3965,24023.0
3966,23934.0
3967,24197.0
3970,23982.0
3971,23994.0
3972,2941.0
3973,69679.0
3974,67673.0
3975,24033.0
3976,24092.0
3979,24228.0
3980,23927.0
3981,36562.0
3982,36561.0
3983,24150.0
3984,24152.0
3986,69480.0
3987,4174.0
3988,24194.0
3989,23804.0
3990,2232.0
3991,23636.0
3992,23716.0
3994,477.0
3995,24274.0
3996,24275.0
3998,24300.0
3999,23783.0
4000,23770.0
4019,35315.0
4022,424.0
4023,69659.0
4026,36593.0
4027,36607.0
4028,36610.0
4029,36652.0
4030,36651.0
4031,11339.0
4032,436.0
4039,575.0
4041,731.0
4042,12921.0
4043,24322.0
4044,495.0
4045,755.0
4046,38626.0
4049,12977.0
4056,912.0
4057,1875.0
4060,36427.0
4061,69564.0
4062,70314.0
4063,851.0
4070,2986.0
4074,29712.0
4075,8205.0
4076,3861.0
4084,5941.0
4085,2756.0
4087,190.0
4089,1247.0
4099,24146.0
4100,69730.0
4101,1641.0
4102,24026.0
4106,1570.0
4107,1169.0
4109,36310.0
4110,36315.0
4111,36314.0
4113,36633.0
4114,36334.0
4115,36755.0
4116,36474.0
4117,36360.0
4118,36371.0
4119,36377.0
4120,36672.0
4123,24068.0
4125,36379.0
4126,69515.0
4127,36551.0
4129,985.0
4130,36536.0
4131,36571.0
4133,71118.0
4134,36575.0
4135,36505.0
4136,36599.0
4138,36600.0
4139,36604.0
4140,36605.0
4141,36525.0
4142,36513.0
4143,36671.0
4148,1300.0
4149,36534.0
4151,36532.0
4152,36686.0
4153,36340.0
4154,36722.0
4159,
4162,1617.0
4163,24123.0
4176,1862.0
4181,69429.0
4187,1926.0
4188,2135.0
4189,1937.0
4197,68717.0
4200,1516.0
4202,2357.0
4206,36685.0
4207,36511.0
4210,2202.0
4218,4664.0
4219,3513.0
4220,36408.0
4221,36656.0
4222,36418.0
4223,169.0
4224,645.0
4226,1443.0
4227,36739.0
4228,59.0
4229,18.0
4230,806.0
4231,339.0
4232,300.0
4233,1887.0
4234,324.0
4235,2266.0
4236,160.0
4237,159.0
4238,2219.0
4239,326.0
4241,71340.0
4242,351.0
4243,2460.0
4244,2501.0
4245,853.0
4247,2465.0
4248,2504.0
4250,15019.0
4251,15116.0
4252,15103.0
4254,15018.0
4255,15040.0
4256,15047.0
4259,15054.0
4261,15024.0
4262,15100.0
4263,15067.0
4264,15072.0
4265,15111.0
4266,15112.0
4267,1146.0
4268,29703.0
4269,29704.0
4270,29710.0
4271,29734.0
4273,3024.0
4274,29746.0
4275,70863.0
4277,29754.0
4278,29763.0
4279,11340.0
4280,35320.0
4281,35365.0
4282,35357.0
4283,815.0
4286,23697.0
4287,35302.0
4288,2651.0
4289,507.0
4290,22515.0
4292,67461.0
4293,1313.0
4294,1876.0
4295,768.0
4296,1513.0
4297,8151.0
4298,8155.0
4299,2256.0
4301,8171.0
4302,8177.0
4304,8185.0
4305,8239.0
4306,835.0
4307,67674.0
4308,8143.0
4309,8234.0
4310,8242.0
4311,17602.0
4312,17628.0
4313,17629.0
4314,70855.0
4316,425.0
4317,11321.0
4319,29204.0
4322,29226.0
4324,29281.0
4325,29245.0
4326,29259.0
4334,5739.0
4337,12944.0
4338,12991.0
4339,12949.0
4340,12981.0
4342,18911.0
4343,18936.0
4346,18950.0
4347,5909.0
4348,5919.0
4351,28460.0
4352,28417.0
4353,28423.0
4355,70129.0
4357,28427.0
4358,28432.0
4359,28434.0
4364,5022.0
4365,5005.0
4366,5006.0
4367,5010.0
4368,6511.0
4369,11352.0
4370,27908.0
4371,6521.0
4375,27914.0
4378,7312.0
4379,637.0
4383,10514.0
4384,67473.0
4385,12417.0
4386,1400.0
4387,31911.0
4388,3003.0
4389,31919.0
4390,33513.0
4391,70229.0
4394,12111.0
4395,1865.0
4399,4706.0
4402,6150.0
4403,10818.0
4405,3506.0
4406,9901.0
4407,
4411,10817.0
4414,1530.0
4417,451.0
4418,18604.0
4419,18613.0
4420,20713.0
4426,23305.0
4429,38313.0
4431,31931.0
4432,29276.0
4433,70381.0
4452,69741.0
4453,12434.0
4460,67258.0
4461,23945.0
4462,24113.0
4466,49215.0
4679,28483.0
4680,296.0
4681,28501.0
4689,28478.0
4692,416.0
4703,4718.0
4715,2704.0
4729,15028.0
4737,3105.0
4738,546.0
4739,24156.0
4749,2962.0
4752,3141.0
4755,3129.0
4763,3151.0
4768,3278.0
4769,8168.0
4770,67276.0
4777,4230.0
4778,67350.0
4790,23907.0
4792,69961.0
4795,23862.0
4815,67282.0
4823,31935.0
4837,67353.0
4842,67379.0
4843,70262.0
4851,4499.0
4852,68334.0
4870,67570.0
4872,69683.0
4876,67662.0
4888,69426.0
4908,68082.0
4914,172.0
4945,68401.0
4950,36583.0
4951,3164.0
4971,68700.0
4976,23610.0
4978,11351.0
4979,23949.0
4981,68744.0
4982,5766.0
4991,68817.0
4993,32502.0
4994,69616.0
4996,71185.0
4998,68905.0
5004,35308.0
5014,15110.0
5018,23608.0
5019,23711.0
5021,69402.0
5024,69420.0
5027,69450.0
5029,69487.0
5031,69522.0
5033,69557.0
5036,69589.0
5037,69605.0
5040,36619.0
5044,250.0
5045,249.0
5046,367.0
5048,69699.0
5049,310.0
5052,69902.0
5060,70055.0
5062,36422.0
5063,36460.0
5064,24230.0
5067,70111.0
5069,33523.0
5071,70187.0
5073,70230.0
5083,2401.0
5084,2491.0
5087,24155.0
5096,69280.0
5099,12979.0
5100,23700.0
5111,70819.0
5131,71088.0
5132,71093.0
5135,71170.0
5136,71172.0
5138,36708.0
5140,287.0
5144,567.0
5146,35309.0
5147,29240.0
5148,5718.0
5154,2679.0
5156,71296.0
5157,68248.0
5158,15088.0
5159,68005.0
5160,17621.0
5173,144.0
5174,224.0
5175,574.0
5179,848.0
5185,1561.0
5186,2121.0
5188,2473.0
5203,35333.0
5209,126.0
5210,1445.0
5211,36476.0
5212,36704.0
5214,236.0
5215,27.0
5216,26.0
5217,40.0
5218,81.0
5220,1590.0
5221,69043.0
5223,89.0
5224,1708.0
5225,100.0
5226,149.0
5227,125.0
5228,142.0
5229,2447.0
5230,2509.0
5231,2502.0
5232,69031.0
5233,67771.0
5234,28905.0
5235,28907.0
5236,2438.0
5237,152.0
5238,181.0
5240,2454.0
5243,2458.0
5249,23779.0
5250,23839.0
5251,2662.0
5252,36394.0
5253,36325.0
5254,36399.0
5255,36521.0
5256,23677.0
5257,70188.0
5258,3457.0
5259,3363.0
5260,2974.0
5263,24319.0
5265,23895.0
5266,23630.0
5267,23652.0
5268,36486.0
5269,24223.0
5270,23670.0
5271,24081.0
5272,24107.0
5273,24166.0
5274,71249.0
5275,23771.0
5276,23732.0
5277,24101.0
5278,23746.0
5279,24162.0
5280,1650.0
5281,23782.0
5282,23823.0
5287,23998.0
5289,23794.0
5291,23940.0
5294,23919.0
5295,3036.0
5297,68754.0
5298,24037.0
5299,23876.0
5300,24120.0
5302,36367.0
5303,36366.0
5304,71065.0
5305,24307.0
5306,24036.0
5307,68313.0
5308,24035.0
5309,3768.0
5310,36478.0
5311,24289.0
5312,24196.0
5313,23968.0
5314,619.0
5315,23709.0
5316,68312.0
5317,24145.0
5318,70191.0
5319,24221.0
5320,36582.0
5322,849.0
5324,23947.0
5325,23967.0
5336,8216.0
5337,1335.0
5340,1587.0
5341,36414.0
5342,2666.0
5343,698.0
5344,442.0
5353,12927.0
5354,67432.0
5355,70222.0
5358,71166.0
5359,38631.0
5360,38632.0
5361,818.0
5362,1850.0
5369,48.0
5372,35368.0
5374,8103.0
5387,4480.0
5388,8113.0
5392,1847.0
5398,1199.0
5400,44404.0
5401,68928.0
5403,135.0
5404,141.0
5405,311.0
5406,2252.0
5413,69725.0
5414,68269.0
5415,67369.0
5416,24027.0
5418,69534.0
5420,36375.0
5421,36321.0
5422,36323.0
5423,24254.0
5424,36504.0
5425,1938.0
5426,36382.0
5427,36563.0
5428,36368.0
5429,36485.0
5432,1538.0
5433,36473.0
5434,700.0
5435,36541.0
5437,1547.0
5438,36545.0
5439,36602.0
5441,3285.0
5442,36613.0
5443,69388.0
5446,36357.0
5454,36580.0
5461,67325.0
5479,24267.0
5489,1392.0
5491,1927.0
5500,36402.0
5501,36470.0
5502,36512.0
5510,2245.0
5511,2701.0
5512,2251.0
5513,320.0
5524,122.0
5525,36344.0
5526,36724.0
5527,4469.0
5528,36570.0
5529,36733.0
5531,36664.0
5533,337.0
5535,36392.0
5536,56.0
5537,61.0
5539,213.0
5541,1241.0
5542,117.0
5543,3334.0
5544,23901.0
5545,23899.0
5547,36409.0
5548,1974.0
5549,120.0
5551,352.0
5552,356.0
5553,370.0
5554,5924.0
5556,2464.0
5557,2404.0
5558,2477.0
5559,2412.0
5560,2487.0
5561,8219.0
5563,71251.0
5564,15122.0
5565,15010.0
5566,17610.0
5567,15015.0
5569,15105.0
5570,15036.0
5571,15077.0
5572,17647.0
5573,70595.0
5574,15041.0
5575,68960.0
5576,15071.0
5577,15089.0
5578,15115.0
5579,974.0
5580,29718.0
5581,29733.0
5582,3025.0
5583,2363.0
5585,3275.0
5586,29748.0
5588,29770.0
5589,3407.0
5590,29768.0
5591,70158.0
5592,29782.0
5596,24271.0
5597,810.0
5598,36662.0
5600,70410.0
5601,8188.0
5602,2709.0
5605,8175.0
5606,3361.0
5608,949.0
5609,8218.0
5610,8195.0
5611,8170.0
5614,67921.0
5615,8213.0
5617,17619.0
5618,17638.0
5620,17648.0
5621,17649.0
5622,17650.0
5626,1036.0
5627,29261.0
5629,29243.0
5630,29257.0
5634,5702.0
5635,5753.0
5636,5747.0
5637,12966.0
5638,12965.0
5641,18938.0
5642,18919.0
5643,18926.0
5644,18929.0
5645,18910.0
5646,5914.0
5647,5913.0
5648,5911.0
5649,28414.0
5650,28416.0
5652,28437.0
5653,2269.0
5658,1026.0
5659,27901.0
5660,69390.0
5662,29721.0
5674,7311.0
5675,8118.0
5676,8178.0
5677,8615.0
5679,10535.0
5680,1401.0
5681,70269.0
5682,31938.0
5683,31905.0
5684,69966.0
5686,33516.0
5693,10816.0
5696,17301.0
5697,18610.0
5699,3131.0
5700,68094.0
5701,20705.0
5703,20711.0
5707,31908.0
5708,31939.0
5709,31925.0
5710,6532.0
5713,1397.0
5730,12410.0
5739,402.0
5777,54006.0
5930,28469.0
5939,12440.0
5940,410.0
5958,2731.0
5962,15066.0
5970,69046.0
5971,69044.0
5982,2259.0
5989,12952.0
5995,8225.0
5996,8214.0
6003,3362.0
6004,3295.0
6031,70256.0
6038,3445.0
6053,23964.0
6057,5004.0
6059,3916.0
6070,70488.0
6074,69623.0
6090,4263.0
6093,11310.0
6097,4300.0
6107,2459.0
6118,4498.0
6127,67499.0
6128,4590.0
6136,36440.0
6145,4659.0
6146,69398.0
6148,17609.0
6150,67681.0
6159,67756.0
6170,68626.0
6172,69431.0
6189,28472.0
6216,68494.0
6217,36477.0
6228,5001.0
6239,315.0
6240,35343.0
6242,68713.0
6243,68730.0
6246,28481.0
6247,1499.0
6248,29706.0
6249,28420.0
6250,1497.0
6253,69577.0
6256,68776.0
6257,68844.0
6261,14209.0
6281,23891.0
6282,259.0
6285,24091.0
6290,70804.0
6292,69948.0
6293,69949.0
6294,12909.0
6295,23701.0
6309,69592.0
6310,69598.0
6312,69633.0
6314,69646.0
6316,1352.0
6317,2265.0
6319,73.0
6320,68343.0
6321,69776.0
6323,35.0
6325,34.0
6334,70109.0
6336,15064.0
6337,70139.0
6338,70140.0
6340,70181.0
6345,70249.0
6349,70299.0
6359,23805.0
6361,70360.0
6362,8191.0
6370,70539.0
6373,12920.0
6378,36745.0
6390,28440.0
6391,70923.0
6393,71097.0
6397,71077.0
6407,23898.0
6409,8217.0
6410,28456.0
6412,689.0
6413,36720.0
6414,71313.0
6415,71327.0
6419,2004.0
6420,15074.0
6429,15005.0
6431,15038.0
6432,20701.0
6435,24232.0
6438,31001.0
6439,222.0
6440,232.0
6441,1970.0
6469,2552.0
6471,67676.0
6474,9.0
6475,16.0
6476,214.0
6477,22.0
6478,25.0
6480,28.0
6481,95.0
6482,303.0
6483,284.0
6484,36537.0
6486,36433.0
6487,1585.0
6488,90.0
6489,267.0
6491,2456.0
6492,2457.0
6493,2461.0
6494,70523.0
6495,2442.0
6496,375.0
6497,2489.0
6498,482.0
6499,293.0
6500,23774.0
6501,36645.0
6502,36327.0
6503,23753.0
6504,23750.0
6505,707.0
6506,24315.0
6507,838.0
6508,23763.0
6510,24139.0
6511,24211.0
6512,23721.0
6513,23665.0
6514,23879.0
6515,36322.0
6516,1149.0
6517,23661.0
6518,23602.0
6519,67932.0
6520,24018.0
6521,68333.0
6522,1642.0
6523,24176.0
6524,3239.0
6525,24016.0
6526,23708.0
6527,36590.0
6529,23744.0
6530,23749.0
6531,23618.0
6532,23757.0
6533,23970.0
6534,4596.0
6535,36494.0
6536,36666.0
6537,1379.0
6538,23826.0
6543,23966.0
6544,67582.0
6547,1027.0
6548,23638.0
6549,413.0
6550,23980.0
6551,24024.0
6552,23983.0
6553,70548.0
6554,23987.0
6555,23993.0
6556,24002.0
6557,24008.0
6558,24009.0
6559,24013.0
6560,24114.0
6562,24015.0
6563,36631.0
6564,24047.0
6565,24050.0
6566,4597.0
6568,24121.0
6570,36507.0
6571,24042.0
6572,24160.0
6573,24022.0
6574,913.0
6575,70190.0
6576,24219.0
6577,24064.0
6579,23800.0
6580,24060.0
6581,23679.0
6582,3473.0
6583,24080.0
6584,1588.0
6586,24296.0
6587,23841.0
6588,155.0
6589,24072.0
6590,4209.0
6591,24285.0
6593,24297.0
6594,617.0
6596,24311.0
6607,68738.0
6614,2414.0
6621,12907.0
6622,12916.0
6623,12943.0
6624,67727.0
6625,67445.0
6626,12937.0
6627,23832.0
6628,36543.0
6629,990.0
6630,2083.0
6634,41.0
6635,70779.0
6636,15083.0
6639,791.0
6640,807.0
6641,911.0
6642,239.0
6643,1515.0
6644,36712.0
6645,36369.0
6667,1205.0
6668,33.0
6670,37.0
6671,340.0
6672,1372.0
6675,36492.0
6687,4000.0
6688,23694.0
6689,24028.0
6691,36734.0
6692,70270.0
6693,36335.0
6694,36555.0
6695,36336.0
6696,36621.0
6697,36550.0
6699,36347.0
6700,36391.0
6701,36356.0
6702,36358.0
6703,36370.0
6704,36435.0
6706,1511.0
6707,36415.0
6708,67430.0
6710,36730.0
6712,36549.0
6713,36754.0
6714,36714.0
6715,36554.0
6716,1517.0
6717,36579.0
6718,36598.0
6719,36758.0
6720,36635.0
6721,36636.0
6722,36658.0
6723,36711.0
6724,36677.0
6725,36416.0
6726,36693.0
6728,36737.0
6729,36341.0
6732,2132.0
6734,1603.0
6735,
6739,1616.0
6740,23864.0
6741,1683.0
6743,68250.0
6750,1825.0
6751,70957.0
6755,2955.0
6761,1935.0
6772,36488.0
6773,36510.0
6780,2274.0
6788,3.0
6789,2.0
6790,36723.0
6791,2656.0
6792,189.0
6793,233.0
6795,279.0
6796,36690.0
6797,36738.0
6798,1651.0
6799,67324.0
6800,19.0
6801,97.0
6802,156.0
6803,301.0
6804,116.0
6805,344.0
6806,67574.0
6807,30.0
6808,74.0
6809,161.0
6810,298.0
6811,64.0
6812,266.0
6813,295.0
6815,24234.0
6816,3173.0
6817,5933.0
6818,988.0
6819,2494.0
6820,2515.0
6822,15002.0
6823,15091.0
6824,15012.0
6825,15119.0
6826,15044.0
6831,15078.0
6832,15025.0
6834,5020.0
6835,5015.0
6836,1147.0
6837,29744.0
6838,2272.0
6839,29727.0
6840,1510.0
6842,3701.0
6843,29739.0
6844,29741.0
6845,732.0
6846,3891.0
6848,70936.0
6850,29790.0
6851,35336.0
6852,23698.0
6853,8169.0
6854,8220.0
6855,8202.0
6856,8148.0
6857,2811.0
6858,1009.0
6859,8154.0
6861,8235.0
6862,8136.0
6863,8224.0
6864,8238.0
6865,8226.0
6866,8229.0
6867,17612.0
6868,638.0
6869,17639.0
6870,17642.0
6871,25610.0
6872,25612.0
6873,1239.0
6874,11328.0
6875,70076.0
6878,29228.0
6879,29235.0
6881,29249.0
6884,34335.0
6885,34346.0
6889,621.0
6890,5736.0
6892,33520.0
6893,3677.0
6897,12993.0
6899,18940.0
6901,5904.0
6902,5910.0
6903,5912.0
6904,5936.0
6905,5937.0
6908,28413.0
6909,28424.0
6910,28431.0
6913,10528.0
6914,28444.0
6915,33018.0
6916,28447.0
6918,5008.0
6920,70331.0
6921,6514.0
6924,11336.0
6925,11326.0
6926,67368.0
6927,6518.0
6928,6509.0
6929,6526.0
6938,8197.0
6939,8204.0
6940,8609.0
6943,10519.0
6944,10522.0
6945,12425.0
6946,33014.0
6948,22512.0
6950,31918.0
6951,31920.0
6952,33503.0
6955,33507.0
6957,33521.0
6958,2449.0
6959,70130.0
6967,14204.0
6971,4704.0
6972,4707.0
6974,36411.0
6976,9102.0
6977,9101.0
6980,9405.0
6981,10204.0
6982,10209.0
6984,10810.0
6985,10811.0
6986,70796.0
6990,20709.0
6992,23310.0
6994,30702.0
6995,30706.0
7000,70019.0
7001,71095.0
7003,6531.0
7009,54009.0
7043,40521.0
7055,54005.0
7234,433.0
7238,12441.0
7239,409.0
7248,4715.0
7249,20710.0
7266,69603.0
7272,865.0
7273,8111.0
7284,3203.0
7285,545.0
7286,685.0
7299,12958.0
7308,70805.0
7319,3388.0
7327,67329.0
7332,3727.0
7342,3830.0
7343,3833.0
7347,67387.0
7358,67295.0
7365,67330.0
7376,4268.0
7385,70248.0
7399,67459.0
7400,2436.0
7428,4670.0
7430,4573.0
7436,67758.0
7453,67908.0
7458,67966.0
7461,68032.0
7462,68036.0
7463,68038.0
7465,71326.0
7472,68205.0
7499,36592.0
7505,68682.0
7506,12104.0
7507,24238.0
7512,8165.0
7513,8164.0
7516,70200.0
7519,24025.0
7520,5903.0
7521,5604.0
7522,44.0
7526,578.0
7527,12918.0
7532,68753.0
7534,18906.0
7536,69533.0
7538,25620.0
7539,68818.0
7548,68959.0
7554,23748.0
7565,23890.0
7566,17616.0
7570,69370.0
7573,24179.0
7575,69399.0
7580,69470.0
7581,69490.0
7584,69508.0
7585,69513.0
7590,69558.0
7592,70953.0
7593,70186.0
7596,17614.0
7598,69647.0
7600,70759.0
7602,69675.0
7603,
7605,105.0
7607,11353.0
7608,70480.0
7616,69986.0
7617,69989.0
7620,71028.0
7621,36423.0
7622,36679.0
7625,15062.0
7627,70184.0
7631,70243.0
7636,4274.0
7643,2413.0
7644,23718.0
7649,15101.0
7656,15102.0
7660,69773.0
7661,68866.0
7662,12903.0
7663,12974.0
7671,70826.0
7680,71007.0
7682,71033.0
7685,17617.0
7686,71119.0
7687,71156.0
7693,28422.0
7694,217.0
7695,68512.0
7696,283.0
7697,1245.0
7702,1536.0
7704,1995.0
7710,15065.0
7711,3008.0
7712,20703.0
7720,226.0
7722,613.0
7724,4583.0
7725,285.0
7726,2432.0
7727,2508.0
7732,70481.0
7747,35339.0
7753,6.0
7754,5.0
7755,130.0
7757,291.0
7758,36406.0
7759,36564.0
7760,39.0
7761,345.0
7762,31.0
7763,1251.0
7764,443.0
7765,304.0
7766,66.0
7767,115.0
7768,1277.0
7769,36759.0
7770,62.0
7771,1821.0
7772,134.0
7774,4152.0
7775,292.0
7776,2424.0
7778,1182.0
7779,2495.0
7780,5932.0
7781,69734.0
7782,153.0
7783,157.0
7784,289.0
7785,353.0
7786,36303.0
7787,36387.0
7788,36702.0
7789,36515.0
7792,3519.0
7794,23767.0
7795,71167.0
7796,23639.0
7797,23729.0
7798,23653.0
7799,445.0
7800,23855.0
7801,23739.0
7802,23741.0
7803,36374.0
7804,36405.0
7805,23792.0
7806,23657.0
7807,23634.0
7808,24116.0
7809,68120.0
7810,24034.0
7811,23984.0
7812,24084.0
7813,36591.0
7814,23820.0
7815,24043.0
7816,23731.0
7817,23775.0
7818,23848.0
7819,67572.0
7820,23888.0
7821,23962.0
7822,23827.0
7823,23824.0
7826,23859.0
7827,23851.0
7828,69670.0
7829,23906.0
7831,24306.0
7832,70119.0
7833,2840.0
7834,24148.0
7835,23842.0
7836,23957.0
7837,24056.0
7838,24000.0
7839,23999.0
7840,2757.0
7843,24046.0
7844,24021.0
7845,23683.0
7847,23777.0
7848,36506.0
7849,24250.0
7852,1285.0
7853,36388.0
7854,23715.0
7855,23754.0
7856,23722.0
7857,1242.0
7858,4218.0
7861,24280.0
7862,1286.0
7863,24286.0
7864,24293.0
7865,69970.0
7866,24239.0
7867,411.0
7875,493.0
7879,36611.0
7883,454.0
7886,572.0
7888,12933.0
7889,12988.0
7890,12908.0
7891,70234.0
7892,70221.0
7893,24122.0
7894,623.0
7895,23743.0
7896,2614.0
7897,38605.0
7898,38608.0
7899,70439.0
7900,38630.0
7901,38610.0
7902,757.0
7903,758.0
7905,4156.0
7906,86.0
7908,696.0
7913,954.0
7923,1302.0
7926,22503.0
7927,4148.0
7939,1578.0
7942,36491.0
7950,24062.0
7954,3422.0
7955,36318.0
7957,36538.0
7958,36338.0
7959,36472.0
7960,36626.0
7961,1343.0
7963,36348.0
7964,36655.0
7965,36688.0
7966,36376.0
7967,36378.0
7968,36620.0
7969,2149.0
7970,36553.0
7973,36576.0
7974,36346.0
7975,36557.0
7976,69914.0
7977,36653.0
7978,69392.0
7979,36627.0
7980,36447.0
7981,36670.0
7982,36680.0
7984,36529.0
7987,36624.0
7988,36308.0
7990,36751.0
7991,3857.0
7992,36763.0
7995,2687.0
7996,1909.0
7997,70830.0
7998,1688.0
8005,1908.0
8007,857.0
8008,1827.0
8011,2755.0
8019,2686.0
8020,3471.0
8021,75010.0
8024,2762.0
8035,2161.0
8037,36428.0
8040,2263.0
8043,36594.0
8044,36546.0
8046,36527.0
8047,167.0
8048,170.0
8049,13.0
8051,94.0
8053,1301.0
8054,36417.0
8055,36544.0
8056,36715.0
8057,20.0
8058,251.0
8059,234.0
8060,1685.0
8061,93.0
8063,154.0
8064,248.0
8065,1698.0
8066,1890.0
8067,3514.0
8070,1871.0
8073,67700.0
8074,36727.0
8075,127.0
8076,346.0
8077,67346.0
8079,2479.0
8080,2419.0
8081,2091.0
8082,2134.0
8083,2448.0
8084,964.0
8086,70567.0
8088,15035.0
8089,15099.0
8090,15048.0
8091,439.0
8092,68897.0
8093,15070.0
8094,70132.0
8095,805.0
8096,29732.0
8098,3023.0
8099,29778.0
8103,29755.0
8104,29761.0
8105,29705.0
8106,29776.0
8107,29769.0
8110,35316.0
8111,35303.0
8112,35317.0
8113,8106.0
8114,8210.0
8115,8107.0
8116,925.0
8117,8174.0
8118,8114.0
8119,8131.0
8120,8159.0
8121,8198.0
8122,8163.0
8123,508.0
8124,1889.0
8126,8189.0
8127,8102.0
8128,8203.0
8129,8228.0
8130,8207.0
8131,68815.0
8132,17606.0
8134,17641.0
8137,67487.0
8139,29232.0
8140,29219.0
8142,29231.0
8144,29247.0
8148,7010.0
8151,5727.0
8154,5762.0
8156,12934.0
8157,12982.0
8158,12946.0
8160,18931.0
8161,18927.0
8162,18944.0
8163,2569.0
8164,2815.0
8165,5926.0
8166,8618.0
8168,5938.0
8169,5939.0
8170,67889.0
8172,28415.0
8174,28403.0
8175,28412.0
8176,28492.0
8177,67494.0
8179,28429.0
8180,28430.0
8181,432.0
8182,28441.0
8185,38618.0
8187,5002.0
8188,5016.0
8189,6508.0
8190,6559.0
8191,11303.0
8192,6558.0
8196,20206.0
8206,3130.0
8209,27913.0
8213,45611.0
8214,67504.0
8215,8161.0
8216,8606.0
8217,8608.0
8218,8619.0
8219,8621.0
8220,10504.0
8222,31903.0
8223,31904.0
8224,33504.0
8226,2426.0
8229,12106.0
8232,14213.0
8238,10808.0
8239,10201.0
8241,14703.0
8244,18605.0
8245,18615.0
8246,68095.0
8247,18612.0
8249,20717.0
8253,30705.0
8254,35325.0
8257,70018.0
8259,29271.0
8265,54010.0
8281,23674.0
8311,11301.0
8509,70853.0
8510,28482.0
8511,28496.0
8512,28498.0
8525,489.0
8526,20215.0
8545,2720.0
8546,2703.0
8563,2761.0
8566,15114.0
8570,4237.0
8571,3202.0
8572,24052.0
8580,3136.0
8582,3132.0
8589,68803.0
8592,12954.0
8593,38611.0
8595,38636.0
8609,3299.0
8626,23616.0
8627,23682.0
8632,3904.0
8643,4594.0
8649,69539.0
8652,6525.0
8662,70489.0
8671,4215.0
8680,4158.0
8685,177.0
8707,67564.0
8710,67577.0
8712,67599.0
8713,1243.0
8714,36456.0
8732,67900.0
8735,15108.0
8749,23909.0
8753,68108.0
8764,68240.0
8793,68495.0
8794,68511.0
8809,69041.0
8810,8241.0
8814,7004.0
8818,24265.0
8827,18916.0
8828,71286.0
8829,68751.0
8831,18905.0
8833,68801.0
8845,68883.0
8846,68917.0
8849,68941.0
8851,35307.0
8855,23821.0
8858,69094.0
8859,69163.0
8862,8135.0
8865,331.0
8867,23727.0
8868,36661.0
8872,18918.0
8874,24071.0
8876,94530.0
8881,69432.0
8886,69118.0
8892,69548.0
8893,36681.0
8895,69563.0
8897,69575.0
8898,69588.0
8900,69594.0
8903,69609.0
8904,69615.0
8912,70744.0
8913,325.0
8915,69693.0
8916,72.0
8919,69793.0
8926,70053.0
8931,70151.0
8932,10807.0
8934,3009.0
8937,15107.0
8940,70317.0
8944,70346.0
8945,23914.0
8947,15093.0
8958,12973.0
8960,70568.0
8963,23870.0
8964,70783.0
8974,70881.0
8977,973.0
8981,70961.0
8987,71008.0
8995,71091.0
8996,71103.0
8998,71117.0
9000,71145.0
9005,23635.0
9006,71297.0
9007,55.0
9008,666.0
9009,174.0
9010,36350.0
9011,1298.0
9012,36682.0
9013,1601.0
9014,2278.0
9015,36484.0
9016,70577.0
9017,15120.0
9018,29719.0
9020,29711.0
9021,35335.0
9023,28407.0
9031,15079.0
9032,15017.0
9033,15029.0
9034,961.0
9035,17611.0
9036,17622.0
9037,68590.0
9044,145.0
9045,143.0
9046,225.0
9047,350.0
9048,360.0
9049,369.0
9050,35334.0
9056,186.0
9057,543.0
9067,4205.0
9079,24153.0
9081,137.0
9082,934.0
9083,323.0
9084,456.0
9085,36313.0
9086,47.0
9087,1531.0
9088,54.0
9089,82.0
9091,70035.0
9092,36668.0
9093,237.0
9094,364.0
9095,175.0
9096,17.0
9097,2403.0
9098,2421.0
9099,2517.0
9101,5929.0
9102,28903.0
9103,69968.0
9104,33501.0
9105,71188.0
9106,547.0
9107,2520.0
9108,2721.0
9109,359.0
9110,329.0
9111,2453.0
9113,23892.0
9114,24119.0
9115,36395.0
9116,36324.0
9117,36330.0
9118,36326.0
9119,36458.0
9122,1367.0
9123,67666.0
9124,23624.0
9125,23714.0
9126,24257.0
9127,24316.0
9128,68937.0
9129,68489.0
9130,24212.0
9131,24252.0
9132,24012.0
9133,23650.0
9134,23740.0
9135,23878.0
9136,1852.0
9137,23685.0
9138,24165.0
9139,23696.0
9140,951.0
9141,24244.0
9142,23759.0
9144,23631.0
9145,23726.0
9146,23904.0
9147,1483.0
9148,813.0
9149,23796.0
9150,23797.0
9155,24253.0
9156,8134.0
9157,69671.0
9158,71345.0
9159,23911.0
9162,24224.0
9163,71044.0
9164,69049.0
9168,23977.0
9171,23795.0
9172,24112.0
9173,24014.0
9175,24171.0
9176,36365.0
9177,24005.0
9180,23834.0
9181,24261.0
9184,24193.0
9185,67265.0
9187,1860.0
9188,23637.0
9189,24066.0
9193,24242.0
9194,1673.0
9195,24268.0
9196,23852.0
9212,462.0
9214,68714.0
9218,31922.0
9228,12956.0
9231,756.0
9232,989.0
9233,2084.0
9235,830.0
9239,909.0
9240,915.0
9241,198.0
9243,70189.0
9245,856.0
9246,1013.0
9253,29736.0
9254,47215.0
9255,33004.0
9267,336.0
9273,1454.0
9275,4250.0
9277,23958.0
9278,380.0
9280,23693.0
9281,36703.0
9284,70926.0
9286,36508.0
9287,36726.0
9288,36383.0
9289,36390.0
9290,67738.0
9291,36623.0
9292,36721.0
9293,71208.0
9294,68683.0
9295,68885.0
9296,36616.0
9298,36572.0
9301,36531.0
9302,36706.0
9309,
9312,1618.0
9323,29751.0
9328,23699.0
9335,702.0
9336,1402.0
9337,2674.0
9344,264.0
9345,2133.0
9348,2152.0
9357,36431.0
9370,2590.0
9374,297.0
9375,278.0
9376,36649.0
9377,36629.0
9378,173.0
9381,205.0
9382,57.0
9383,60.0
9384,262.0
9385,265.0
9386,273.0
9389,96.0
9391,11.0
9392,138.0
9393,36420.0
9394,36436.0
9395,987.0
9396,2463.0
9398,2474.0
9400,2498.0
9401,71169.0
9402,68386.0
9403,15043.0
9404,15080.0
9405,17006.0
9407,15050.0
9408,15058.0
9409,15026.0
9410,945.0
9411,15069.0
9412,15086.0
9413,15031.0
9414,15032.0
9415,29792.0
9416,836.0
9418,29740.0
9419,29786.0
9420,29749.0
9421,29767.0
9423,29775.0
9424,35323.0
9425,35331.0
9426,35367.0
9427,35310.0
9428,35311.0
9429,4535.0
9430,8166.0
9431,8180.0
9432,8110.0
9433,8128.0
9434,8129.0
9435,69483.0
9437,8147.0
9438,71162.0
9439,8182.0
9440,8237.0
9441,70266.0
9442,70258.0
9443,8215.0
9444,8236.0
9445,8232.0
9447,17640.0
9448,17630.0
9449,68270.0
9452,11350.0
9453,11343.0
9455,29205.0
9458,29260.0
9459,29215.0
9470,5723.0
9471,5721.0
9472,5725.0
9474,5730.0
9477,12983.0
9479,18922.0
9481,18942.0
9482,2167.0
9486,28490.0
9488,28439.0
9489,28458.0
9490,38628.0
9491,5009.0
9492,11304.0
9495,11311.0
9496,625.0
9497,6520.0
9498,6530.0
9507,2600.0
9508,27902.0
9509,27906.0
9510,27909.0
9511,27912.0
9514,8125.0
9515,8607.0
9520,12419.0
9521,12430.0
9522,70414.0
9523,22504.0
9524,22511.0
9525,22516.0
9527,31906.0
9528,31914.0
9529,31936.0
9531,31937.0
9533,33512.0
9535,33519.0
9538,14208.0
9540,33016.0
9544,9103.0
9546,9406.0
9547,3352.0
9548,4566.0
9549,10801.0
9552,18616.0
9553,1653.0
9554,69367.0
9555,474.0
9556,20707.0
9568,29277.0
9569,29279.0
9570,6540.0
9571,6544.0
9572,6546.0
9573,6545.0
9574,1577.0
9591,701.0
9592,34343.0
9619,67613.0
9806,28465.0
9807,28474.0
9809,28491.0
9811,28449.0
9812,28497.0
9813,8630.0
9817,12435.0
9818,67272.0
9821,3901.0
9822,12437.0
9840,2677.0
9852,8109.0
9853,10813.0
9864,373.0
9865,1885.0
9871,2982.0
9882,68106.0
9884,3137.0
9888,12932.0
9889,12953.0
9890,12951.0
9891,12955.0
9892,3423.0
9897,3282.0
9898,3279.0
9900,70300.0
9904,3080.0
9908,69554.0
9913,3389.0
9930,70592.0
9944,720.0
9951,67283.0
9952,395.0
9956,69419.0
9971,3687.0
9978,67388.0
9980,275.0
10004,67503.0
10038,67874.0
10040,69414.0
10050,69485.0
10058,68049.0
10061,68204.0
10085,68502.0
10097,68658.0
10104,68695.0
10105,12103.0
10113,23902.0
10114,24186.0
10115,36596.0
10121,68710.0
10122,68114.0
10123,70820.0
10127,68775.0
10128,70854.0
10132,8149.0
10142,69990.0
10145,36746.0
10149,69038.0
10150,69061.0
10153,69220.0
10157,257.0
10159,18934.0
10160,24229.0
10165,29707.0
10168,69410.0
10170,69468.0
10172,70170.0
10173,69491.0
10175,69499.0
10178,69511.0
10181,69527.0
10183,69561.0
10184,69566.0
10185,69576.0
10190,69634.0
10191,201.0
10192,200.0
10193,341.0
10194,348.0
10195,1353.0
10197,70856.0
10198,102.0
10201,35313.0
10211,35337.0
10212,36421.0
10215,70110.0
10217,15061.0
10222,14218.0
10224,68286.0
10225,24313.0
10226,1046.0
10230,70425.0
10238,70784.0
10247,70943.0
10249,67611.0
10254,71035.0
10261,71069.0
10263,71071.0
10265,71087.0
10268,29766.0
10270,71143.0
10272,71181.0
10276,28479.0
10278,68062.0
10279,363.0
10281,23817.0
10284,36361.0
10285,36742.0
10288,36608.0
10293,15011.0
10294,20702.0
10304,35340.0
10306,36717.0
10315,440.0
10316,70493.0
10317,67293.0
10332,308.0
10333,334.0
10334,124.0
10336,571.0
10337,1581.0
10338,68.0
10339,36437.0
10340,2402.0
10341,2434.0
10342,69415.0
10343,28906.0
10344,2418.0
10347,312.0
10349,23605.0
10350,23604.0
10351,23812.0
10352,23921.0
10353,23737.0
10354,23838.0
10355,24151.0
10356,1395.0
10357,36302.0
10358,36328.0
10359,971.0
10360,1383.0
10361,36457.0
10362,68497.0
10363,36520.0
10365,12906.0
10366,12911.0
10367,68215.0
10368,23713.0
10369,23625.0
10370,24178.0
10371,24264.0
10372,68855.0
10373,23764.0
10374,23910.0
10375,23972.0
10376,24259.0
10378,24200.0
10379,23645.0
10380,23816.0
10381,23973.0
10382,23974.0
10383,975.0
10385,23725.0
10386,24143.0
10387,36407.0
10388,36448.0
10390,23658.0
10391,23933.0
10392,23840.0
10393,69500.0
10394,23833.0
10395,23684.0
10396,23975.0
10397,23688.0
10398,23702.0
10399,422.0
10400,23703.0
10402,36716.0
10403,23733.0
10404,23836.0
10405,23627.0
10406,23965.0
10407,24078.0
10408,23719.0
10409,23791.0
10410,23822.0
10411,24030.0
10413,23912.0
10414,36524.0
10416,1571.0
10417,23883.0
10418,23885.0
10420,23915.0
10421,23916.0
10422,2361.0
10424,24147.0
10425,24249.0
10426,24111.0
10427,1584.0
10430,24266.0
10431,23736.0
10432,24001.0
10433,24065.0
10434,38603.0
10435,24161.0
10437,111.0
10438,24063.0
10439,24110.0
10440,24130.0
10441,71269.0
10443,36757.0
10444,1829.0
10445,24198.0
10446,36657.0
10447,23846.0
10448,24299.0
10450,24217.0
10451,24218.0
10452,23613.0
10453,23734.0
10455,24124.0
10456,23756.0
10457,24058.0
10460,24288.0
10461,23606.0
10462,24182.0
10463,2816.0
10479,67241.0
10489,577.0
10492,12984.0
10493,12972.0
10494,23831.0
10496,23908.0
10497,24163.0
10498,38607.0
10499,12985.0
10505,632.0
10508,653.0
10513,418.0
10514,38633.0
10515,193.0
10516,196.0
10517,2158.0
10519,70817.0
10520,850.0
10526,17624.0
10533,1131.0
10541,70135.0
10544,396.0
10545,1368.0
10546,1389.0
10547,2836.0
10548,1369.0
10549,24082.0
10552,247.0
10553,476.0
10558,24190.0
10560,1608.0
10562,23871.0
10563,24070.0
10567,1485.0
10569,36317.0
10571,36337.0
10572,1344.0
10574,36355.0
10575,36359.0
10577,1514.0
10580,36647.0
10582,36696.0
10583,36669.0
10585,36691.0
10586,36728.0
10589,36749.0
10591,36760.0
10593,73777.0
10594,1604.0
10595,
10596,1611.0
10599,453.0
10608,4488.0
10609,2071.0
10610,2082.0
10614,67322.0
10620,1418.0
10621,2168.0
10623,2532.0
10624,36429.0
10625,36684.0
10630,2247.0
10631,2255.0
10635,358.0
10636,36500.0
10637,36526.0
10638,36654.0
10645,921.0
10646,210.0
10648,188.0
10650,85.0
10651,349.0
10652,53.0
10653,65.0
10654,69.0
10655,68728.0
10656,10.0
10657,192.0
10659,18941.0
10660,18943.0
10661,1583.0
10662,313.0
10663,333.0
10665,68748.0
10666,3860.0
10670,15055.0
10671,2702.0
10672,17625.0
10673,15121.0
10676,15037.0
10677,15053.0
10678,2351.0
10679,69995.0
10680,29702.0
10682,29735.0
10683,29742.0
10685,29791.0
10687,11308.0
10690,29730.0
10691,2130.0
10692,29772.0
10694,35312.0
10696,35348.0
10697,35361.0
10698,4536.0
10700,67992.0
10701,67993.0
10702,8209.0
10703,8108.0
10704,1315.0
10705,8132.0
10706,8127.0
10707,8133.0
10709,4487.0
10710,8142.0
10711,8150.0
10712,8157.0
10713,847.0
10714,8626.0
10716,71140.0
10717,8183.0
10718,8222.0
10719,8227.0
10720,8199.0
10721,8206.0
10723,17605.0
10724,24272.0
10727,25629.0
10728,688.0
10729,550.0
10730,11323.0
10732,71278.0
10733,11344.0
10736,29211.0
10737,29214.0
10738,29218.0
10740,29223.0
10741,29242.0
10742,29244.0
10743,29251.0
10749,5713.0
10752,12928.0
10753,1496.0
10754,12989.0
10757,18920.0
10759,5928.0
10761,5940.0
10763,28426.0
10764,28457.0
10767,28436.0
10770,28443.0
10771,5013.0
10774,11320.0
10775,648.0
10776,11313.0
10777,27907.0
10778,29714.0
10779,6556.0
10781,6542.0
10787,20220.0
10793,27905.0
10798,8152.0
10799,8617.0
10800,8624.0
10801,8620.0
10802,8233.0
10804,8628.0
10805,10510.0
10806,10511.0
10807,10520.0
10808,10513.0
10809,12414.0
10810,3415.0
10811,31907.0
10812,31913.0
10813,68837.0
10815,33509.0
10816,71168.0
10817,33530.0
10819,68268.0
10822,12110.0
10823,14210.0
10824,33003.0
10826,33005.0
10830,5603.0
10831,9402.0
10832,10815.0
10833,1120.0
10837,10821.0
10839,18603.0
10840,18602.0
10846,23309.0
10848,31304.0
10855,29278.0
11086,
11099,12128.0
11103,4716.0
11105,20723.0
11115,2385.0
11135,15128.0
11147,3121.0
11152,6506.0
11164,67749.0
11165,12961.0
11167,38646.0
11177,3063.0
11197,24173.0
11198,3737.0
11231,67302.0
11239,67348.0
11257,69469.0
11266,4580.0
11271,67559.0
11274,36446.0
11275,36707.0
11276,67656.0
11277,70179.0
11278,36363.0
11298,17636.0
11311,68033.0
11313,24137.0
11321,28425.0
11326,68296.0
11340,36565.0
11350,71283.0
11351,29239.0
11352,29256.0
11361,1341.0
11366,11330.0
11368,68743.0
11370,18917.0
11371,31912.0
11372,10809.0
11377,68779.0
11380,68794.0
11381,36453.0
11383,33529.0
11384,32503.0
11391,68926.0
11393,1457.0
11403,21709.0
11407,23758.0
11408,24100.0
11411,23835.0
11414,10530.0
11415,29709.0
11417,23609.0
11418,23607.0
11420,69396.0
11422,70781.0
11423,71317.0
11425,11111.0
11429,69452.0
11434,69510.0
11435,69524.0
11440,69571.0
11442,69578.0
11446,
11448,69591.0
11452,354.0
11454,69682.0
11455,49.0
11456,305.0
11457,2681.0
11458,69727.0
11459,69750.0
11471,70043.0
11472,70594.0
11474,23628.0
11476,70103.0
11477,29237.0
11486,70290.0
11493,2808.0
11494,2430.0
11496,24177.0
11499,986.0
11501,5003.0
11503,36466.0
11504,70431.0
11505,70495.0
11506,12941.0
11514,70233.0
11515,2995.0
11526,23869.0
11533,36547.0
11537,70929.0
11544,71076.0
11545,71086.0
11546,71101.0
11549,1591.0
11556,50.0
11558,1649.0
11559,71325.0
11560,23818.0
11561,809.0
11570,3827.0
11571,15046.0
11572,15051.0
11573,17634.0
11574,23619.0
11582,223.0
11583,219.0
11587,35342.0
11593,15124.0
11609,35355.0
11610,35321.0
11613,7.0
11614,78.0
11615,1446.0
11616,327.0
11618,1448.0
11619,36312.0
11620,1252.0
11624,2988.0
11625,36740.0
11626,255.0
11627,104.0
11628,309.0
11630,36438.0
11631,2443.0
11632,2466.0
11633,2406.0
11634,70334.0
11635,33518.0
11637,68606.0
11638,1994.0
11639,23809.0
11640,23813.0
11641,69008.0
11642,2663.0
11643,36306.0
11645,36459.0
11647,23678.0
11648,627.0
11649,23626.0
11650,24295.0
11651,23654.0
11652,23853.0
11653,23647.0
11654,1643.0
11655,23811.0
11656,24323.0
11657,23742.0
11658,23952.0
11659,36404.0
11660,36479.0
11662,23865.0
11663,23991.0
11664,23778.0
11665,68529.0
11666,23781.0
11667,24105.0
11668,403.0
11669,24233.0
11672,23948.0
11673,23829.0
11675,23863.0
11677,23867.0
11678,69674.0
11682,24087.0
11683,23924.0
11684,70120.0
11685,23937.0
11686,23946.0
11687,24011.0
11688,23978.0
11691,24075.0
11692,24017.0
11694,24069.0
11695,24241.0
11697,24279.0
11698,112.0
11699,23789.0
11700,23710.0
11701,23963.0
11703,70239.0
11704,3021.0
11705,36331.0
11707,46.0
11708,23930.0
11709,24125.0
11710,24291.0
11711,23810.0
11712,67259.0
11713,23787.0
11714,23751.0
11715,23724.0
11718,24312.0
11736,36683.0
11738,2750.0
11744,12948.0
11745,12987.0
11746,12923.0
11748,24255.0
11751,12963.0
11752,2094.0
11757,184.0
11758,365.0
11766,808.0
11768,2996.0
11771,36584.0
11772,966.0
11776,854.0
11777,1270.0
11783,1307.0
11784,1308.0
11785,1314.0
11789,18947.0
11799,21201.0
11800,101.0
11801,171.0
11802,243.0
11803,17631.0
11813,36385.0
11816,23806.0
11817,24055.0
11822,36311.0
11823,36560.0
11824,36316.0
11826,36320.0
11827,36741.0
11828,36342.0
11829,36471.0
11830,36641.0
11831,3826.0
11832,36475.0
11833,36725.0
11835,36393.0
11840,36659.0
11841,1870.0
11843,36650.0
11844,36609.0
11846,36630.0
11847,36514.0
11848,36710.0
11849,36578.0
11850,36678.0
11853,36667.0
11854,67589.0
11856,36530.0
11857,36719.0
11858,36718.0
11859,36637.0
11863,1602.0
11865,
11867,1589.0
11875,1861.0
11876,1866.0
11879,24216.0
11891,1925.0
11896,652.0
11905,2250.0
11906,357.0
11913,36455.0
11914,36568.0
11915,36419.0
11916,36498.0
11917,36752.0
11918,2650.0
11920,180.0
11921,185.0
11922,113.0
11923,318.0
11924,366.0
11925,36705.0
11926,274.0
11927,276.0
11928,272.0
11929,166.0
11931,203.0
11932,12.0
11933,75.0
11934,162.0
11935,401.0
11936,3402.0
11937,2967.0
11938,36410.0
11939,36588.0
11940,36589.0
11941,36761.0
11942,29.0
11943,1417.0
11945,5925.0
11946,69653.0
11948,2470.0
11949,2440.0
11950,2518.0
11951,2486.0
11952,15059.0
11953,15013.0
11954,15126.0
11955,15014.0
11957,71094.0
11959,15068.0
11960,15087.0
11961,15095.0
11963,29745.0
11964,29724.0
11966,29731.0
11969,29747.0
11971,11309.0
11972,29777.0
11974,35356.0
11975,35330.0
11976,35351.0
11977,35360.0
11980,23620.0
11982,68832.0
11983,1035.0
11984,70815.0
11985,8104.0
11986,8173.0
11987,8172.0
11988,8138.0
11991,67465.0
11992,8162.0
11993,8201.0
11994,8230.0
11995,1569.0
11996,70267.0
11997,1884.0
11999,8240.0
12000,17601.0
12001,630.0
12003,23691.0
12004,17627.0
12005,17633.0
12011,11306.0
12012,11341.0
12013,2169.0
12016,29267.0
12017,29217.0
12018,29209.0
12019,29230.0
12020,29233.0
12023,34349.0
12029,5712.0
12030,5719.0
12031,5720.0
12032,5726.0
12033,684.0
12035,12901.0
12037,18912.0
12038,18915.0
12040,18925.0
12041,18924.0
12043,5906.0
12045,69458.0
12046,28438.0
12052,28489.0
12054,28448.0
12055,28461.0
12059,5021.0
12060,5007.0
12061,5012.0
12063,68081.0
12065,11312.0
12066,11348.0
12067,29785.0
12068,6522.0
12069,6557.0
12070,6523.0
12074,20221.0
12081,27904.0
12084,8117.0
12085,8187.0
12087,8123.0
12089,10523.0
12091,22509.0
12092,22513.0
12094,31910.0
12095,67294.0
12096,31917.0
12097,69047.0
12100,14214.0
12101,14216.0
12108,4710.0
12109,5301.0
12111,36413.0
12113,9902.0
12114,
12115,10823.0
12116,10820.0
12119,3902.0
12120,1652.0
12121,20708.0
12123,23308.0
12129,29269.0
12171,11302.0
12326,28464.0
12327,10532.0
12346,68848.0
12358,2806.0
12359,2751.0
12363,15023.0
12364,68543.0
12365,15042.0
12366,2812.0
12368,2829.0
12372,24191.0
12376,3134.0
12384,70320.0
12387,12962.0
12391,3122.0
12396,3280.0
12398,8122.0
12405,4665.0
12406,2619.0
12419,3719.0
12422,70257.0
12462,67347.0
12464,67366.0
12465,4154.0
12470,4150.0
12471,68785.0
12472,67401.0
12478,2516.0
12483,70246.0
12484,4497.0
12503,36439.0
12504,36445.0
12510,4644.0
12511,4646.0
12516,67744.0
12519,68864.0
12521,24298.0
12524,69172.0
12525,67892.0
12526,
12527,29221.0
12536,68109.0
12543,70224.0
12575,35324.0
12576,68655.0
12578,5017.0
12582,68690.0
12586,796.0
12587,71174.0
12594,24248.0
12597,28473.0
12598,31928.0
12605,36362.0
12609,420.0
12610,843.0
12612,32505.0
12613,68839.0
12616,24222.0
12617,6512.0
12620,69638.0
12622,69635.0
12627,68938.0
12629,35332.0
12636,70259.0
12640,36676.0
12641,69747.0
12643,69282.0
12644,69289.0
12648,71139.0
12649,70333.0
12650,38615.0
12651,31930.0
12657,2446.0
12669,69667.0
12672,36.0
12681,70041.0
12685,29784.0
12687,70112.0
12689,70138.0
12691,70164.0
12697,2451.0
12698,1586.0
12699,23642.0
12700,2429.0
12701,280.0
12703,70393.0
12712,70231.0
12713,69774.0
12715,24169.0
12716,70734.0
12718,70777.0
12719,70795.0
12727,70962.0
12733,71063.0
12740,25601.0
12742,28480.0
12743,158.0
12747,36426.0
12748,1195.0
12755,15027.0
12756,15016.0
12758,15030.0
12759,3404.0
12760,541.0
12762,24301.0
12763,36764.0
12769,229.0
12776,163.0
12778,12108.0
12786,15090.0
12802,263.0
12803,468.0
12805,1928.0
12806,38.0
12807,67.0
12808,83.0
12810,1276.0
12812,1011.0
12813,36380.0
12815,63.0
12817,79.0
12818,103.0
12819,1675.0
12820,1180.0
12821,5907.0
12822,28904.0
12824,1492.0
12825,2417.0
12826,70339.0
12828,136.0
12830,23705.0
12831,2358.0
12832,23785.0
12833,23893.0
12834,36386.0
12835,67873.0
12836,36398.0
12837,36396.0
12839,36516.0
12840,70745.0
12842,23614.0
12843,24019.0
12844,12905.0
12845,12910.0
12846,1192.0
12847,23768.0
12848,556.0
12849,68856.0
12850,23720.0
12851,23728.0
12852,24260.0
12853,24073.0
12855,69252.0
12856,36332.0
12857,36481.0
12859,1374.0
12862,812.0
12863,24321.0
12865,23845.0
12866,23844.0
12867,23745.0
12868,23747.0
12869,24256.0
12870,23755.0
12871,1486.0
12872,23969.0
12873,2230.0
12874,581.0
12875,1484.0
12878,24045.0
12879,23939.0
12881,36430.0
12882,441.0
12883,28495.0
12887,24115.0
12888,23942.0
12889,23944.0
12890,23956.0
12891,23928.0
12892,24093.0
12893,24003.0
12894,1703.0
12895,36558.0
12896,24049.0
12897,24102.0
12898,821.0
12900,24133.0
12901,24180.0
12902,68777.0
12903,23925.0
12904,68877.0
12905,23926.0
12906,24208.0
12907,24220.0
12908,36643.0
12910,24225.0
12911,24227.0
12913,24184.0
12914,23695.0
12915,24051.0
12931,8196.0
12935,69631.0
12936,629.0
12940,36573.0
12941,538.0
12944,70747.0
12945,12924.0
12946,12976.0
12947,12925.0
12949,69789.0
12950,2830.0
12951,24251.0
12952,23917.0
12953,24006.0
12954,68306.0
12955,69754.0
12963,673.0
12967,3439.0
12969,68729.0
12970,1509.0
12971,70707.0
12973,831.0
12974,70422.0
12981,30703.0
12982,29713.0
12987,1121.0
12994,21211.0
12995,2008.0
12997,244.0
13007,
13009,36767.0
13010,1533.0
13011,1324.0
13012,24029.0
13015,28410.0
13017,14.0
13018,36339.0
13019,36646.0
13020,36345.0
13021,36519.0
13022,36454.0
13025,36461.0
13026,24159.0
13029,36552.0
13030,36597.0
13031,36518.0
13032,36542.0
13035,36586.0
13036,36574.0
13037,36603.0
13038,36469.0
13039,36634.0
13041,36642.0
13042,551.0
13043,1253.0
13044,36663.0
13048,36689.0
13049,36694.0
13050,36503.0
13051,70925.0
13052,45.0
13056,
13058,23807.0
13061,1701.0
13074,1826.0
13075,1985.0
13083,1913.0
13099,2189.0
13104,2253.0
13110,4.0
13111,1.0
13112,118.0
13113,36497.0
13114,36501.0
13115,766.0
13116,36648.0
13118,168.0
13119,176.0
13120,1202.0
13121,80.0
13122,240.0
13124,36444.0
13125,68066.0
13126,3026.0
13127,123.0
13128,2566.0
13129,151.0
13130,371.0
13131,139.0
13133,15006.0
13134,24136.0
13135,68224.0
13136,36449.0
13137,36675.0
13138,36509.0
13139,36548.0
13140,286.0
13142,362.0
13143,4229.0
13146,2468.0
13147,2469.0
13148,2511.0
13149,3723.0
13150,15045.0
13151,15081.0
13152,15125.0
13154,68047.0
13156,15049.0
13157,71248.0
13159,69994.0
13160,15098.0
13161,29723.0
13162,3211.0
13165,29779.0
13166,29752.0
13167,29783.0
13168,29729.0
13169,2359.0
13170,36424.0
13171,35318.0
13172,35345.0
13173,35322.0
13174,35344.0
13175,35306.0
13177,36517.0
13178,8105.0
13179,70982.0
13180,68245.0
13181,8112.0
13182,8194.0
13183,8130.0
13185,8167.0
13187,8193.0
13188,8223.0
13191,69555.0
13193,29725.0
13195,29202.0
13200,69506.0
13201,29234.0
13202,29241.0
13203,1646.0
13209,5701.0
13211,12915.0
13212,12939.0
13215,18908.0
13217,18913.0
13219,5916.0
13220,5930.0
13223,28418.0
13224,28421.0
13225,1674.0
13229,28494.0
13230,564.0
13231,28484.0
13232,28455.0
13237,38645.0
13238,1045.0
13239,5014.0
13240,3401.0
13241,5019.0
13243,11347.0
13244,29715.0
13245,29716.0
13246,29717.0
13251,20207.0
13252,20219.0
13262,27903.0
13264,1512.0
13265,27920.0
13266,27921.0
13267,8604.0
13268,8124.0
13269,8208.0
13270,976.0
13271,8616.0
13273,70415.0
13274,22510.0
13276,33515.0
13277,3395.0
13279,12105.0
13280,67563.0
13281,33008.0
13284,36412.0
13285,3505.0
13288,10814.0
13290,17303.0
13298,23008.0
13300,23011.0
13309,31932.0
13310,31933.0
13311,31926.0
13312,29270.0
13313,29280.0
13314,6548.0
13316,6560.0
13345,49201.0
13363,11307.0
13364,11325.0
13365,29701.0
13366,44412.0
13479,75512.0
13535,28468.0
13536,28404.0
13540,8629.0
13541,67386.0
13542,67381.0
13558,2384.0
13563,29273.0
13571,2389.0
13576,14701.0
13577,2754.0
13578,8158.0
13579,70720.0
13588,24192.0
13595,12959.0
13596,24214.0
13605,69791.0
13606,69544.0
13607,3251.0
13611,3182.0
13612,3424.0
13613,1991.0
13624,23961.0
13645,3868.0
13646,70160.0
13648,3479.0
13649,70831.0
13650,67273.0
13657,67284.0
13664,4179.0
13712,69034.0
13728,68490.0
13734,68276.0
13735,68625.0
13736,61210.0
13737,69678.0
13738,68051.0
13741,68083.0
13789,24108.0
13790,35370.0
13794,3949.0
13795,69482.0
13796,68702.0
13798,1340.0
13799,314.0
13800,69655.0
13801,68716.0
13802,15.0
13803,412.0
13805,24132.0
13807,5759.0
13815,68787.0
13816,70998.0
13817,36451.0
13822,36364.0
13824,32501.0
13825,128.0
13827,24304.0
13829,71002.0
13832,68934.0
13841,69037.0
13845,36709.0
13847,258.0
13848,256.0
13851,29708.0
13852,69366.0
13853,23622.0
13854,23621.0
13855,68834.0
13860,69503.0
13862,2433.0
13865,70862.0
13867,69590.0
13869,69597.0
13872,69606.0
13877,
13878,342.0
13879,4306.0
13880,568.0
13881,69673.0
13882,69687.0
13884,42.0
13893,69992.0
13897,70042.0
13898,70180.0
13901,36452.0
13903,29238.0
13910,70162.0
13912,11335.0
13914,24195.0
13915,70263.0
13930,2420.0
13932,23640.0
13933,1803.0
13934,15020.0
13938,70503.0
13939,15008.0
13944,12980.0
13949,70593.0
13951,70793.0
13953,70816.0
13956,67319.0
13961,70952.0
13962,70572.0
13963,70933.0
13968,71039.0
13972,71199.0
13975,70.0
13976,328.0
13977,2155.0
13978,146.0
13980,23886.0
13981,23979.0
13982,24247.0
13983,24276.0
13986,179.0
13987,29201.0
13988,6513.0
13992,69983.0
13994,68882.0
13995,15039.0
14003,1867.0
14005,68339.0
14007,429.0
14012,10531.0
14013,212.0
14030,
14655,
14659,
14660,
14663,
14667,
14671,
14675,
14683,
14687,
14700,
14717,
14719,
14722,
14733,
14805,
14806,
14807,
14808,
14809,
14810,
14811,
14812,
14814,
14815,
14816,
14817,
14819,
18881,
18882,
18972,29750.0
18975,29773.0
18977,29781.0
18978,1987.0
19013,68067.0
19027,
19030,
19031,
19043,68096.0
19093,70901.0
19132,
19133,
19134,
19135,
19136,
19137,
19139,
19140,
19141,
19143,
19144,
19145,29720.0
19147,
19148,
19149,69368.0
19165,
19166,
19167,
19168,
19169,
19170,
19171,
19174,
19178,281.0
19180,87.0
19182,36766.0
19189,2185.0
19193,24226.0
19208,109.0
19220,27910.0
19221,18601.0
19222,20706.0
19246,12926.0
19252,25621.0
19258,1323.0
19264,3372.0
19267,68923.0
19291,1279.0
19316,71543.0
19319,
19332,70997.0
19338,23953.0
19339,
19340,
19397,
19412,71476.0
19417,
19444,
19512,71633.0
19516,
19649,5761.0
19675,23857.0
19676,23897.0
19685,22002.0
19745,
19754,36595.0
19755,71400.0
19767,71516.0
19770,36625.0
19771,4173.0
19779,5745.0
19786,18928.0
19787,18930.0
19791,10822.0
19850,71300.0
19851,71420.0
19852,71422.0
19862,71513.0
19864,71526.0
19865,71572.0
19975,
20151,
20152,
20320,
20330,
20332,
20374,
20375,
20397,
20512,71870.0
20547,71547.0
20548,71558.0
20589,71564.0
20608,
20613,71370.0
20631,
20633,
20634,
20635,
20636,
20637,71366.0
20641,36482.0
20642,36483.0
20643,36528.0
20644,
20645,
20647,
20661,
20662,
20663,
20664,71718.0
20729,
20751,
20752,
20754,
20755,36673.0
20771,10202.0
20772,72238.0
20775,72027.0
20776,72037.0
20777,72038.0
20784,
20789,
20790,
20791,72269.0
20797,
20798,
20801,72307.0
20802,72308.0
20803,73355.0
20812,
20813,
20814,28475.0
20838,
20839,72196.0
20847,72207.0
20850,72289.0
20858,72437.0
20859,72215.0
20862,72219.0
20863,72220.0
20872,72184.0
20876,72231.0
20879,72243.0
20881,72344.0
20882,72342.0
20884,72230.0
20886,72237.0
20888,72226.0
20891,72224.0
20897,72361.0
20898,72245.0
20900,72249.0
20902,72248.0
20903,72244.0
20904,72380.0
20909,72254.0
20910,72126.0
20916,72183.0
20918,72255.0
20921,72259.0
20922,
20927,72261.0
20933,72399.0
20935,72265.0
20941,72267.0
20947,72389.0
20948,71898.0
20952,33525.0
20954,72404.0
20961,72541.0
20963,72417.0
20970,72382.0
20971,72501.0
20999,268.0
21000,269.0
21002,2435.0
21005,6528.0
21007,10203.0
21009,12970.0
21010,12971.0
21012,22508.0
21015,798.0
21022,33015.0
21023,36756.0
21029,72288.0
21030,72416.0
21031,72413.0
21032,72415.0
21038,72327.0
21039,72457.0
21040,72458.0
21043,72079.0
21046,71977.0
21048,72431.0
21049,72432.0
21050,72299.0
21053,72479.0
21055,72109.0
21056,71990.0
21057,72434.0
21065,91.0
21066,92.0
21067,2244.0
21069,4295.0
21073,23664.0
21075,24053.0
21081,68202.0
21082,71371.0
21083,71372.0
21084,71373.0
21085,71374.0
21086,71378.0
21088,71390.0
21094,71405.0
21095,71407.0
21096,71409.0
21101,71415.0
21102,71419.0
21106,71448.0
21107,71459.0
21110,71472.0
21112,71475.0
21113,71491.0
21115,71500.0
21117,71506.0
21118,71508.0
21119,71510.0
21120,71524.0
21122,71530.0
21125,71560.0
21127,71562.0
21128,71569.0
21129,71580.0
21139,71603.0
21145,71645.0
21150,71653.0
21154,71670.0
21158,71674.0
21163,71707.0
21165,71734.0
21166,71741.0
21170,71746.0
21173,71756.0
21175,71762.0
21176,71775.0
21179,71784.0
21182,71801.0
21183,71812.0
21184,71814.0
21186,71830.0
21187,71831.0
21191,71907.0
21201,72530.0
21202,72529.0
21205,72393.0
21206,72400.0
21208,72390.0
21211,72559.0
21216,72171.0
21217,72172.0
21221,72679.0
21223,72516.0
21226,72498.0
21229,72480.0
21262,72422.0
21296,72560.0
21440,71930.0
21553,72303.0
21556,72527.0
21558,72496.0
21559,72551.0
21565,72566.0
21569,72534.0
21572,72552.0
21575,72716.0
21579,72640.0
21582,71927.0
21584,72470.0
21585,72471.0
21586,72472.0
21587,72513.0
21590,72407.0
21592,72464.0
21595,72483.0
21596,72605.0
21612,72583.0
21613,72578.0
21617,72653.0
21622,72357.0
21623,72503.0
21624,72575.0
21626,72637.0
21629,72494.0
21630,72613.0
21631,72562.0
21637,72589.0
21638,72584.0
21639,72585.0
21640,72588.0
21642,72594.0
21644,72580.0
21647,72593.0
21653,72709.0
21657,72607.0
21660,72610.0
21662,72596.0
21663,72487.0
21666,72600.0
21679,71473.0
21681,72536.0
21683,72598.0
21685,72645.0
21686,72646.0
21687,72500.0
21693,72604.0
21695,72628.0
21696,72629.0
21698,72673.0
21700,72556.0
21711,72634.0
21714,72606.0
21716,72612.0
21741,72631.0
21743,72644.0
21744,72665.0
21746,72615.0
21748,72666.0
21752,72661.0
21756,72680.0
21757,72692.0
21760,72396.0
21768,72630.0
21771,71810.0
21773,71840.0
21774,71849.0
21775,71617.0
21776,71618.0
21783,72635.0
21784,72708.0
21788,72677.0
21797,72707.0
21799,72696.0
21801,72694.0
21804,67601.0
21806,72688.0
21807,72703.0
21812,72017.0
21814,72748.0
21818,72794.0
21819,72891.0
21821,72702.0
21824,72717.0
21825,72718.0
21840,72335.0
21845,72782.0
21846,72704.0
21847,72720.0
21850,72723.0
21862,72654.0
21863,72655.0
21867,72734.0
21868,72835.0
21877,72721.0
21884,72774.0
21885,72764.0
21886,72833.0
21887,72742.0
21888,72737.0
21890,72743.0
21891,72731.0
21892,72744.0
21893,72836.0
21897,72751.0
21898,72771.0
21900,74224.0
21901,12969.0
21912,72727.0
21913,72770.0
21914,71846.0
21916,72169.0
21917,71727.0
21918,72021.0
21920,71736.0
21921,71656.0
21922,72022.0
21923,72262.0
21924,71658.0
21926,72045.0
21927,72103.0
21935,71946.0
21936,71947.0
21938,72105.0
21940,72167.0
21941,72168.0
21942,71755.0
21944,72073.0
21949,72093.0
21952,72043.0
21964,71935.0
21965,72195.0
21966,12978.0
21967,71992.0
21984,71509.0
21986,71913.0
21987,71914.0
21988,2257.0
21989,71638.0
21990,71896.0
21994,71954.0
21995,71982.0
21996,71991.0
21997,71993.0
22000,71996.0
22001,72046.0
22002,72064.0
22003,72154.0
22004,72202.0
22006,72107.0
22010,72180.0
22011,5011.0
22013,5732.0
22015,71959.0
22016,6505.0
22018,6543.0
22022,72190.0
22024,71894.0
22025,71895.0
22026,71961.0
22028,71963.0
22031,71980.0
22033,71989.0
22035,72036.0
22036,72054.0
22037,72092.0
22039,72186.0
22041,72111.0
22046,72020.0
22047,71932.0
22048,952.0
22049,12902.0
22050,12968.0
22053,71893.0
22054,71957.0
22055,72091.0
22062,14704.0
22063,15052.0
22064,15096.0
22066,72030.0
22069,17004.0
22072,17615.0
22082,21205.0
22086,72078.0
22087,22501.0
22088,22502.0
22089,1503.0
22091,71806.0
22092,71868.0
22093,23010.0
22094,23301.0
22095,23303.0
22096,23313.0
22097,23315.0
22098,72034.0
22099,72088.0
22102,72082.0
22103,24262.0
22104,72301.0
22105,72304.0
22106,71929.0
22107,72065.0
22113,71986.0
22114,72083.0
22116,72087.0
22119,71834.0
22120,72173.0
22121,72175.0
22122,72176.0
22123,29737.0
22124,29759.0
22125,71843.0
22127,72056.0
22128,30704.0
22133,36463.0
22135,71956.0
22136,36462.0
22138,36540.0
22139,36750.0
22140,36587.0
22141,36674.0
22144,72187.0
22145,72188.0
22146,
22148,
22149,
22153,
22155,
22156,
22158,
22163,
22164,
22174,
22175,
22178,
22179,
22180,
22182,
22279,
22380,
22384,
22388,
22393,
22397,
22403,72767.0
22404,72699.0
22413,
22416,
22417,
22418,
22419,
22422,72790.0
22423,72791.0
22425,72786.0
22426,72788.0
22429,72765.0
22431,72800.0
22432,72813.0
22433,72824.0
22434,72801.0
22435,73054.0
22438,72871.0
22446,72540.0
22449,
22454,72816.0
22456,
22457,
22464,72829.0
22465,72933.0
22468,72811.0
22469,72826.0
22471,72883.0
22472,72785.0
22478,72957.0
22479,72878.0
22483,72916.0
22485,72839.0
22486,73016.0
22492,
22493,
22497,
22501,73055.0
22504,72844.0
22505,72863.0
22508,72861.0
22511,72876.0
22516,72872.0
22518,72902.0
22520,72904.0
22521,72893.0
22525,72886.0
22527,72935.0
22528,72622.0
22529,72932.0
22533,72895.0
22534,72930.0
22535,72959.0
22537,73124.0
22538,73125.0
22542,73071.0
22545,73142.0
22546,72939.0
22549,
22550,
22551,72825.0
22557,72937.0
22558,73011.0
22559,73345.0
22560,73002.0
22570,72831.0
22572,72971.0
22573,73026.0
22585,73066.0
22586,73067.0
22587,73068.0
22588,73045.0
22592,73049.0
22594,73076.0
22596,72991.0
22597,72989.0
22598,72975.0
22599,72987.0
22600,72984.0
22602,72962.0
22604,72830.0
22607,72804.0
22608,72805.0
22610,73099.0
22611,73118.0
22613,72974.0
22615,73093.0
22617,72901.0
22618,73104.0
22629,73090.0
22632,73149.0
22636,73097.0
22638,73103.0
22639,73017.0
22640,73101.0
22641,73106.0
22642,73282.0
22643,73281.0
22644,73015.0
22648,73128.0
22656,73145.0
22660,72910.0
22661,72911.0
22662,73153.0
22674,73258.0
22677,24302.0
22678,73155.0
22681,73088.0
22682,73344.0
22683,73346.0
22684,73347.0
22689,73031.0
22690,73253.0
22698,73121.0
22701,71634.0
22703,73006.0
22705,73184.0
22707,73169.0
22708,73186.0
22717,73174.0
22721,73058.0
22722,72912.0
22725,73236.0
22726,73417.0
22727,73238.0
22729,73224.0
22730,73260.0
22731,73266.0
22732,73203.0
22734,73435.0
22736,73297.0
22738,73493.0
22741,73265.0
22747,73277.0
22750,73023.0
22758,72890.0
22761,73617.0
22762,73110.0
22765,73296.0
22768,73320.0
22769,73321.0
22771,73386.0
22773,71514.0
22777,73206.0
22780,71918.0
22786,73056.0
22788,73173.0
22789,73170.0
22793,73382.0
22795,73369.0
22797,73172.0
22798,73319.0
22802,72039.0
22808,
22809,
22849,73389.0
22854,73332.0
22855,73343.0
22857,73447.0
22859,73234.0
22877,73126.0
22878,73143.0
22883,73423.0
22888,
22907,73194.0
22923,
22924,71497.0
22926,73412.0
22931,73117.0
22935,73975.0
22938,73627.0
22939,73690.0
22953,73497.0
22955,
22962,72850.0
22973,72857.0
22974,
22975,
22977,
22978,
22980,72865.0
22984,72869.0
22985,72870.0
22986,72199.0
22992,72888.0
22995,72903.0
22996,73027.0
22998,72909.0
22999,72920.0
23000,
23001,
23002,
23003,
23004,
23009,72906.0
23011,72927.0
23014,
23016,
23017,
23018,
23019,
23021,72019.0
23026,72940.0
23028,72943.0
23032,72947.0
23035,72950.0
23046,72963.0
23050,
23057,71903.0
23060,71916.0
23061,4598.0
23062,71948.0
23065,71971.0
23066,71987.0
23074,72983.0
23085,72990.0
23089,73007.0
23090,73008.0
23100,73032.0
23101,73035.0
23105,73039.0
23109,73053.0
23114,73072.0
23117,73069.0
23119,73091.0
23120,73089.0
23133,73111.0
23134,73112.0
23148,73119.0
23171,73139.0
23178,73146.0
23180,73147.0
23181,73148.0
23182,1132.0
23183,67267.0
23184,73152.0
23211,73195.0
23212,73196.0
23213,73197.0
23214,73198.0
23215,73199.0
23216,73200.0
23217,73201.0
23218,73202.0
23221,73207.0
23248,73548.0
23250,73245.0
23257,73259.0
23258,73262.0
23266,
23267,
23276,73275.0
23282,73285.0
23283,73286.0
23284,73287.0
23285,73288.0
23286,73289.0
23287,73290.0
23288,73291.0
23299,73307.0
23301,73309.0
23302,73310.0
23303,73311.0
23304,73313.0
23308,73315.0
23311,73322.0
23314,73324.0
23315,73327.0
23323,73338.0
23327,73333.0
23334,73350.0
23336,73352.0
23338,73353.0
23339,73354.0
23340,73367.0
23354,73359.0
23362,73381.0
23367,73390.0
23370,73393.0
23372,73394.0
23373,73396.0
23376,73413.0
23377,73414.0
23379,73416.0
23394,73439.0
23396,73440.0
23397,73441.0
23398,73442.0
23399,73443.0
23401,73445.0
23404,73448.0
23410,73454.0
23411,73455.0
23413,73457.0
23414,73459.0
23415,73460.0
23418,73463.0
23425,73469.0
23427,73471.0
23440,73481.0
23441,73482.0
23442,73483.0
23444,73485.0
23448,73489.0
23449,73490.0
23453,73501.0
23454,73502.0
23457,73508.0
23458,73509.0
23459,73510.0
23463,73514.0
23477,73524.0
23478,73525.0
23479,73526.0
23480,73530.0
23487,73535.0
23492,73546.0
23493,73547.0
23527,73564.0
23530,73567.0
23533,73570.0
23534,73572.0
23537,73540.0
23539,73574.0
23540,73575.0
23541,73576.0
23544,69404.0
23545,69405.0
23547,69407.0
23557,73583.0
23559,73585.0
23563,73589.0
23567,73593.0
23569,73595.0
23570,73596.0
23571,73597.0
23574,73600.0
23575,73601.0
23615,73580.0
23618,73610.0
23621,73607.0
23623,73613.0
23624,73614.0
23626,
23627,
23629,73619.0
23630,73622.0
23632,73623.0
23634,73625.0
23637,73626.0
23663,73628.0
23673,73629.0
23678,73632.0
23684,73635.0
23685,73636.0
23687,73638.0
23691,
23718,73668.0
23719,73669.0
23722,73672.0
23726,73676.0
23727,73677.0
23731,73680.0
23743,73688.0
23744,73689.0
23751,73697.0
23762,73707.0
23764,73710.0
23769,73712.0
23776,69195.0
23779,73719.0
23780,73720.0
23787,73729.0
23788,73730.0
23789,73731.0
23790,73732.0
23794,73736.0
23795,73737.0
23800,73742.0
23801,73715.0
23803,73744.0
23808,73747.0
23809,73748.0
23810,73749.0
23813,73752.0
23816,73756.0
23817,73757.0
23819,73759.0
23822,73762.0
23830,73766.0
23831,73767.0
23833,73769.0
23834,73770.0
23836,73772.0
23841,73778.0
23843,73780.0
23848,73787.0
23864,
23866,73804.0
23868,73806.0
23872,73809.0
23873,73810.0
23886,73819.0
23887,
23889,
23894,73827.0
23895,73828.0
23897,71626.0
23898,73830.0
23925,73839.0
23929,73846.0
23936,73853.0
23940,73858.0
23957,73871.0
23960,73874.0
23971,73885.0
23973,73887.0
23977,73896.0
23978,73897.0
23982,73901.0
23983,73902.0
23984,73903.0
23991,73908.0
23995,73911.0
24000,73914.0
24008,73922.0
24009,73923.0
24012,73928.0
24023,73939.0
24040,73949.0
24042,73952.0
24044,73954.0
24045,73955.0
24053,73960.0
24055,73962.0
24057,73964.0
24067,73971.0
24069,73973.0
24070,73974.0
24088,73986.0
24090,73988.0
24091,73989.0
24112,74005.0
24120,74010.0
24122,74008.0
24123,73996.0
24133,74039.0
24145,74053.0
24160,74072.0
24165,74077.0
24168,74080.0
24173,74084.0
24174,74085.0
24179,74102.0
24180,74101.0
24182,74103.0
24204,74110.0
24206,74112.0
24215,74122.0
24222,71998.0
24223,74131.0
24225,74132.0
24227,74134.0
24229,74136.0
24237,74144.0
24255,74165.0
24256,74166.0
24257,74167.0
24259,74169.0
24266,74174.0
24276,74177.0
24296,74197.0
24297,74198.0
24300,74201.0
24304,74207.0
24306,74209.0
24307,74210.0
24318,74221.0
24320,74223.0
24326,74229.0
24328,74231.0
24354,74251.0
24359,74256.0
24366,74267.0
24367,74268.0
24370,74271.0
24379,
24383,74280.0
24389,74286.0
24390,74287.0
24391,74288.0
24394,74291.0
24395,74292.0
24399,74296.0
24402,74299.0
24408,74304.0
24409,
24422,74315.0
24423,74316.0
24424,74317.0
24430,74323.0
24433,74325.0
24438,74331.0
24439,
24440,
24441,
24460,74351.0
24464,74355.0
24491,74380.0
24507,74387.0
24508,74388.0
24518,74395.0
24527,14202.0
24528,74402.0
24535,74409.0
24541,74413.0
24542,74414.0
24544,74416.0
24546,74418.0
24549,74420.0
24551,74422.0
24552,74423.0
24560,90993.0
24572,91003.0
24585,91017.0
24586,91018.0
24587,91019.0
24591,
24592,
24593,
24594,
24595,
24596,
24597,
24598,
24599,
24600,
24601,
24602,
24603,
24604,
24605,
24607,
24608,
24609,
24610,
24613,
24614,
24615,
24616,
24617,
24618,
24620,
24621,
24641,91030.0
24644,
24659,91035.0
24662,91036.0
24679,91046.0
24694,91053.0
24695,91054.0
24707,
24729,91065.0
24736,91070.0
24737,91071.0
24750,91076.0
24792,
24793,
24795,
24796,
24797,
24807,91100.0
24815,91103.0
24820,91106.0
24836,91117.0
24837,91118.0
24841,91119.0
24846,91120.0
24847,91121.0
24848,91122.0
24857,91131.0
24861,72174.0
24863,
24864,
24897,91161.0
24910,91177.0
24911,91179.0
24912,91181.0
24919,91185.0
24945,91220.0
24977,91296.0
24978,91298.0
24980,91302.0
24982,91306.0
24986,91310.0
24991,91320.0
25012,91340.0
25018,91348.0
25025,91360.0
25037,91373.0
25038,91375.0
25043,91384.0
25044,91385.0
25046,91387.0
25058,91397.0
25060,91399.0
25074,91413.0
25080,91418.0
25083,91421.0
25084,91422.0
25098,91431.0
25099,91432.0
25102,91435.0
25157,91478.0
25161,91482.0
25163,91483.0
25177,91497.0
25225,74456.0
25266,71917.0
25280,35346.0
25281,70708.0
25290,71744.0
25294,91541.0
25303,91550.0
25305,91552.0
25307,91554.0
25313,91560.0
25314,91561.0
25336,91579.0
25343,
25347,91589.0
25348,91590.0
25350,91591.0
25351,91592.0
25357,
25358,
25359,
25361,91596.0
25362,91597.0
25365,91600.0
25409,91638.0
25410,
25411,
25424,91647.0
25434,91652.0
25452,91670.0
25491,91708.0
25524,91741.0
25537,91742.0
25541,91746.0
25549,91752.0
25560,91762.0
25563,91764.0
25567,91768.0
25572,91772.0
25574,91774.0
25579,91779.0
25607,91804.0
25613,91808.0
25617,91811.0
25618,91812.0
25639,
25647,91838.0
25660,91851.0
25663,91854.0
25665,91856.0
25672,91863.0
25705,91883.0
25713,91891.0
25714,91892.0
25727,91905.0
25730,91908.0
25741,91918.0
25742,91919.0
25761,91936.0
25762,91937.0
25769,
25775,91948.0
25783,91956.0
25798,91971.0
25800,91973.0
25801,91974.0
25803,91976.0
25805,91978.0
25814,91987.0
25818,91991.0
25824,91997.0
25839,92008.0
25860,92029.0
25862,92031.0
25864,92032.0
25868,92036.0
25882,92050.0
25883,92051.0
25884,92052.0
25888,92055.0
25892,92059.0
25899,92066.0
25904,92070.0
25906,92072.0
25910,92075.0
25911,92076.0
25912,92077.0
25914,92079.0
25926,92087.0
25928,92089.0
25939,92099.0
25955,92111.0
25957,92113.0
25970,92126.0
25973,92128.0
25978,92130.0
25991,92136.0
26031,
26032,
26034,
26052,92182.0
26053,92183.0
26057,92186.0
26059,92187.0
26061,92189.0
26067,92195.0
26068,92196.0
26074,92201.0
26104,92220.0
26105,92221.0
26106,92222.0
26132,92242.0
26163,92273.0
26177,92287.0
26187,92298.0
26210,92321.0
26211,92322.0
26229,92339.0
26231,92341.0
26234,92344.0
26235,92345.0
26236,92346.0
26237,92347.0
26238,92348.0
26241,92351.0
26242,92352.0
26243,92353.0
26245,92355.0
26246,92356.0
26247,92357.0
26251,92359.0
26263,92371.0
26267,92375.0
26268,92376.0
26269,92377.0
26276,92384.0
26277,92385.0
26278,92386.0
26293,92399.0
26313,92418.0
26349,92455.0
26351,92457.0
26366,92472.0
26414,92520.0
26439,92544.0
26443,92548.0
26447,92552.0
26449,92554.0
26452,92557.0
26458,92563.0
26459,92564.0
26482,92587.0
26484,92589.0
26501,92606.0
26545,92645.0
26553,92653.0
26618,92719.0
26641,92742.0
